{
    "0": {
        "0": {
            "f1-score": 0.6684856753069577,
            "precision": 0.5020491803278688,
            "recall": 1.0,
            "support": 245
        },
        "1": {
            "f1-score": 0.0,
            "precision": 0.0,
            "recall": 0.0,
            "support": 243
        },
        "accuracy": 0.5020491803278688,
        "macro avg": {
            "f1-score": 0.33424283765347884,
            "precision": 0.2510245901639344,
            "recall": 0.5,
            "support": 488
        },
        "weighted avg": {
            "f1-score": 0.33561268534878,
            "precision": 0.252053379467885,
            "recall": 0.5020491803278688,
            "support": 488
        }
    },
    "1": {
        "0": {
            "f1-score": 0.5076923076923077,
            "precision": 0.48,
            "recall": 0.5387755102040817,
            "support": 245
        },
        "1": {
            "f1-score": 0.43859649122807015,
            "precision": 0.4694835680751174,
            "recall": 0.411522633744856,
            "support": 243
        },
        "accuracy": 0.47540983606557374,
        "macro avg": {
            "f1-score": 0.47314439946018894,
            "precision": 0.4747417840375587,
            "recall": 0.4751490719744688,
            "support": 488
        },
        "weighted avg": {
            "f1-score": 0.4732859892480254,
            "precision": 0.47476333410297855,
            "recall": 0.47540983606557374,
            "support": 488
        }
    },
    "3": {
        "0": {
            "f1-score": 0.6230936819172113,
            "precision": 0.6682242990654206,
            "recall": 0.5836734693877551,
            "support": 245
        },
        "1": {
            "f1-score": 0.6653771760154739,
            "precision": 0.6277372262773723,
            "recall": 0.7078189300411523,
            "support": 243
        },
        "accuracy": 0.6454918032786885,
        "macro avg": {
            "f1-score": 0.6442354289663426,
            "precision": 0.6479807626713965,
            "recall": 0.6457461997144537,
            "support": 488
        },
        "weighted avg": {
            "f1-score": 0.6441487824620428,
            "precision": 0.6480637279844866,
            "recall": 0.6454918032786885,
            "support": 488
        }
    },
    "5": {
        "0": {
            "f1-score": 0.6137787056367432,
            "precision": 0.6282051282051282,
            "recall": 0.6,
            "support": 245
        },
        "1": {
            "f1-score": 0.6277665995975855,
            "precision": 0.6141732283464567,
            "recall": 0.6419753086419753,
            "support": 243
        },
        "accuracy": 0.6209016393442623,
        "macro avg": {
            "f1-score": 0.6207726526171644,
            "precision": 0.6211891782757925,
            "recall": 0.6209876543209876,
            "support": 488
        },
        "weighted avg": {
            "f1-score": 0.6207439889000315,
            "precision": 0.6212179321689455,
            "recall": 0.6209016393442623,
            "support": 488
        }
    }
}