{
    "0": {
        "0": {
            "f1-score": 0.66484268125855,
            "precision": 0.4979508196721312,
            "recall": 1.0,
            "support": 243
        },
        "1": {
            "f1-score": 0.0,
            "precision": 0.0,
            "recall": 0.0,
            "support": 245
        },
        "accuracy": 0.4979508196721312,
        "macro avg": {
            "f1-score": 0.332421340629275,
            "precision": 0.2489754098360656,
            "recall": 0.5,
            "support": 488
        },
        "weighted avg": {
            "f1-score": 0.3310589580857124,
            "precision": 0.2479550188121473,
            "recall": 0.4979508196721312,
            "support": 488
        }
    },
    "1": {
        "0": {
            "f1-score": 0.5785440613026819,
            "precision": 0.5412186379928315,
            "recall": 0.6213991769547325,
            "support": 243
        },
        "1": {
            "f1-score": 0.5154185022026432,
            "precision": 0.5598086124401914,
            "recall": 0.4775510204081633,
            "support": 245
        },
        "accuracy": 0.5491803278688525,
        "macro avg": {
            "f1-score": 0.5469812817526625,
            "precision": 0.5505136252165115,
            "recall": 0.5494750986814478,
            "support": 488
        },
        "weighted avg": {
            "f1-score": 0.5468519260987691,
            "precision": 0.5505517194264445,
            "recall": 0.5491803278688525,
            "support": 488
        }
    },
    "3": {
        "0": {
            "f1-score": 0.5829383886255926,
            "precision": 0.6871508379888268,
            "recall": 0.5061728395061729,
            "support": 243
        },
        "1": {
            "f1-score": 0.6823104693140793,
            "precision": 0.6116504854368932,
            "recall": 0.7714285714285715,
            "support": 245
        },
        "accuracy": 0.639344262295082,
        "macro avg": {
            "f1-score": 0.632624428969836,
            "precision": 0.64940066171286,
            "recall": 0.6388007054673721,
            "support": 488
        },
        "weighted avg": {
            "f1-score": 0.6328280602827222,
            "precision": 0.6492459478756634,
            "recall": 0.639344262295082,
            "support": 488
        }
    },
    "5": {
        "0": {
            "f1-score": 0.5450549450549451,
            "precision": 0.5849056603773585,
            "recall": 0.5102880658436214,
            "support": 243
        },
        "1": {
            "f1-score": 0.6026871401151631,
            "precision": 0.5688405797101449,
            "recall": 0.6408163265306123,
            "support": 245
        },
        "accuracy": 0.5758196721311475,
        "macro avg": {
            "f1-score": 0.5738710425850542,
            "precision": 0.5768731200437517,
            "recall": 0.5755521961871168,
            "support": 488
        },
        "weighted avg": {
            "f1-score": 0.5739891413454234,
            "precision": 0.5768401997964828,
            "recall": 0.5758196721311475,
            "support": 488
        }
    }
}