{
    "0": {
        "0": {
            "f1-score": 0.674931129476584,
            "precision": 0.5093555093555093,
            "recall": 1.0,
            "support": 245
        },
        "1": {
            "f1-score": 0.056,
            "precision": 1.0,
            "recall": 0.02880658436213992,
            "support": 243
        },
        "accuracy": 0.5163934426229508,
        "macro avg": {
            "f1-score": 0.365465564738292,
            "precision": 0.7546777546777547,
            "recall": 0.51440329218107,
            "support": 488
        },
        "weighted avg": {
            "f1-score": 0.36673386623312104,
            "precision": 0.7536723356395488,
            "recall": 0.5163934426229508,
            "support": 488
        }
    },
    "1": {
        "0": {
            "f1-score": 0.8173076923076923,
            "precision": 0.9941520467836257,
            "recall": 0.6938775510204082,
            "support": 245
        },
        "1": {
            "f1-score": 0.8642857142857143,
            "precision": 0.7634069400630915,
            "recall": 0.9958847736625515,
            "support": 243
        },
        "accuracy": 0.8442622950819673,
        "macro avg": {
            "f1-score": 0.8407967032967033,
            "precision": 0.8787794934233586,
            "recall": 0.8448811623414798,
            "support": 488
        },
        "weighted avg": {
            "f1-score": 0.8407004368582237,
            "precision": 0.8792523317568024,
            "recall": 0.8442622950819673,
            "support": 488
        }
    },
    "3": {
        "0": {
            "f1-score": 0.8226950354609928,
            "precision": 0.9775280898876404,
            "recall": 0.710204081632653,
            "support": 245
        },
        "1": {
            "f1-score": 0.864376130198915,
            "precision": 0.7709677419354839,
            "recall": 0.9835390946502057,
            "support": 243
        },
        "accuracy": 0.8463114754098361,
        "macro avg": {
            "f1-score": 0.8435355828299539,
            "precision": 0.8742479159115621,
            "recall": 0.8468715881414294,
            "support": 488
        },
        "weighted avg": {
            "f1-score": 0.8434501707505728,
            "precision": 0.8746711953131034,
            "recall": 0.8463114754098361,
            "support": 488
        }
    },
    "5": {
        "0": {
            "f1-score": 0.8769574944071589,
            "precision": 0.9702970297029703,
            "recall": 0.8,
            "support": 245
        },
        "1": {
            "f1-score": 0.8960302457466918,
            "precision": 0.8286713286713286,
            "recall": 0.9753086419753086,
            "support": 243
        },
        "accuracy": 0.8872950819672131,
        "macro avg": {
            "f1-score": 0.8864938700769254,
            "precision": 0.8994841791871495,
            "recall": 0.8876543209876544,
            "support": 488
        },
        "weighted avg": {
            "f1-score": 0.886454786570082,
            "precision": 0.8997743957876241,
            "recall": 0.8872950819672131,
            "support": 488
        }
    }
}