{
    "0": {
        "0": {
            "f1-score": 0.6703448275862068,
            "precision": 0.504149377593361,
            "recall": 1.0,
            "support": 243
        },
        "1": {
            "f1-score": 0.047808764940239036,
            "precision": 1.0,
            "recall": 0.024489795918367346,
            "support": 245
        },
        "accuracy": 0.5102459016393442,
        "macro avg": {
            "f1-score": 0.3590767962632229,
            "precision": 0.7520746887966805,
            "recall": 0.5122448979591837,
            "support": 488
        },
        "weighted avg": {
            "f1-score": 0.35780110761025996,
            "precision": 0.7530907761376777,
            "recall": 0.5102459016393442,
            "support": 488
        }
    },
    "1": {
        "0": {
            "f1-score": 0.8715596330275229,
            "precision": 0.9844559585492227,
            "recall": 0.7818930041152263,
            "support": 243
        },
        "1": {
            "f1-score": 0.8962962962962963,
            "precision": 0.8203389830508474,
            "recall": 0.9877551020408163,
            "support": 245
        },
        "accuracy": 0.8852459016393442,
        "macro avg": {
            "f1-score": 0.8839279646619096,
            "precision": 0.9023974708000351,
            "recall": 0.8848240530780214,
            "support": 488
        },
        "weighted avg": {
            "f1-score": 0.8839786545456572,
            "precision": 0.9020611655223745,
            "recall": 0.8852459016393442,
            "support": 488
        }
    },
    "3": {
        "0": {
            "f1-score": 0.8858447488584476,
            "precision": 0.9948717948717949,
            "recall": 0.7983539094650206,
            "support": 243
        },
        "1": {
            "f1-score": 0.9070631970260222,
            "precision": 0.8327645051194539,
            "recall": 0.9959183673469387,
            "support": 245
        },
        "accuracy": 0.8975409836065574,
        "macro avg": {
            "f1-score": 0.896453972942235,
            "precision": 0.9138181499956244,
            "recall": 0.8971361384059797,
            "support": 488
        },
        "weighted avg": {
            "f1-score": 0.8964974533688078,
            "precision": 0.9134859629264598,
            "recall": 0.8975409836065574,
            "support": 488
        }
    },
    "5": {
        "0": {
            "f1-score": 0.9002217294900221,
            "precision": 0.9759615384615384,
            "recall": 0.8353909465020576,
            "support": 243
        },
        "1": {
            "f1-score": 0.9142857142857143,
            "precision": 0.8571428571428571,
            "recall": 0.9795918367346939,
            "support": 245
        },
        "accuracy": 0.9077868852459017,
        "macro avg": {
            "f1-score": 0.9072537218878682,
            "precision": 0.9165521978021978,
            "recall": 0.9074913916183758,
            "support": 488
        },
        "weighted avg": {
            "f1-score": 0.907282541528843,
            "precision": 0.9163087168978562,
            "recall": 0.9077868852459017,
            "support": 488
        }
    }
}