{
    "0": {
        "0": {
            "f1-score": 0.6684856753069577,
            "precision": 0.5020491803278688,
            "recall": 1.0,
            "support": 245
        },
        "1": {
            "f1-score": 0.0,
            "precision": 0.0,
            "recall": 0.0,
            "support": 243
        },
        "accuracy": 0.5020491803278688,
        "macro avg": {
            "f1-score": 0.33424283765347884,
            "precision": 0.2510245901639344,
            "recall": 0.5,
            "support": 488
        },
        "weighted avg": {
            "f1-score": 0.33561268534878,
            "precision": 0.252053379467885,
            "recall": 0.5020491803278688,
            "support": 488
        }
    },
    "1": {
        "0": {
            "f1-score": 0.6072607260726072,
            "precision": 0.5096952908587258,
            "recall": 0.7510204081632653,
            "support": 245
        },
        "1": {
            "f1-score": 0.3567567567567567,
            "precision": 0.5196850393700787,
            "recall": 0.2716049382716049,
            "support": 243
        },
        "accuracy": 0.5122950819672131,
        "macro avg": {
            "f1-score": 0.482008741414682,
            "precision": 0.5146901651144022,
            "recall": 0.5113126732174351,
            "support": 488
        },
        "weighted avg": {
            "f1-score": 0.48252206922065705,
            "precision": 0.5146696943182724,
            "recall": 0.5122950819672131,
            "support": 488
        }
    },
    "3": {
        "0": {
            "f1-score": 0.5477477477477477,
            "precision": 0.49032258064516127,
            "recall": 0.6204081632653061,
            "support": 245
        },
        "1": {
            "f1-score": 0.40380047505938244,
            "precision": 0.47752808988764045,
            "recall": 0.3497942386831276,
            "support": 243
        },
        "accuracy": 0.48565573770491804,
        "macro avg": {
            "f1-score": 0.47577411140356507,
            "precision": 0.48392533526640086,
            "recall": 0.48510120097421683,
            "support": 488
        },
        "weighted avg": {
            "f1-score": 0.47606908532300846,
            "precision": 0.4839515534851663,
            "recall": 0.48565573770491804,
            "support": 488
        }
    },
    "5": {
        "0": {
            "f1-score": 0.47577092511013225,
            "precision": 0.5167464114832536,
            "recall": 0.44081632653061226,
            "support": 245
        },
        "1": {
            "f1-score": 0.5440613026819924,
            "precision": 0.5089605734767025,
            "recall": 0.5843621399176955,
            "support": 243
        },
        "accuracy": 0.5122950819672131,
        "macro avg": {
            "f1-score": 0.5099161138960623,
            "precision": 0.5128534924799781,
            "recall": 0.5125892332241538,
            "support": 488
        },
        "weighted avg": {
            "f1-score": 0.5097761745977593,
            "precision": 0.5128694470660571,
            "recall": 0.5122950819672131,
            "support": 488
        }
    }
}