{
    "0": {
        "0": {
            "f1-score": 0.66484268125855,
            "precision": 0.4979508196721312,
            "recall": 1.0,
            "support": 243
        },
        "1": {
            "f1-score": 0.0,
            "precision": 0.0,
            "recall": 0.0,
            "support": 245
        },
        "accuracy": 0.4979508196721312,
        "macro avg": {
            "f1-score": 0.332421340629275,
            "precision": 0.2489754098360656,
            "recall": 0.5,
            "support": 488
        },
        "weighted avg": {
            "f1-score": 0.3310589580857124,
            "precision": 0.2479550188121473,
            "recall": 0.4979508196721312,
            "support": 488
        }
    },
    "1": {
        "0": {
            "f1-score": 0.602291325695581,
            "precision": 0.5,
            "recall": 0.757201646090535,
            "support": 243
        },
        "1": {
            "f1-score": 0.3342465753424657,
            "precision": 0.5083333333333333,
            "recall": 0.24897959183673468,
            "support": 245
        },
        "accuracy": 0.5020491803278688,
        "macro avg": {
            "f1-score": 0.46826895051902334,
            "precision": 0.5041666666666667,
            "recall": 0.5030906189636348,
            "support": 488
        },
        "weighted avg": {
            "f1-score": 0.46771967848961116,
            "precision": 0.5041837431693988,
            "recall": 0.5020491803278688,
            "support": 488
        }
    },
    "3": {
        "0": {
            "f1-score": 0.53125,
            "precision": 0.5055762081784386,
            "recall": 0.5596707818930041,
            "support": 243
        },
        "1": {
            "f1-score": 0.4827586206896552,
            "precision": 0.5114155251141552,
            "recall": 0.45714285714285713,
            "support": 245
        },
        "accuracy": 0.5081967213114754,
        "macro avg": {
            "f1-score": 0.5070043103448276,
            "precision": 0.5084958666462969,
            "recall": 0.5084068195179307,
            "support": 488
        },
        "weighted avg": {
            "f1-score": 0.5069049427642736,
            "precision": 0.5085078324596898,
            "recall": 0.5081967213114754,
            "support": 488
        }
    },
    "5": {
        "0": {
            "f1-score": 0.4848484848484848,
            "precision": 0.5591397849462365,
            "recall": 0.4279835390946502,
            "support": 243
        },
        "1": {
            "f1-score": 0.5959780621572212,
            "precision": 0.5397350993377483,
            "recall": 0.6653061224489796,
            "support": 245
        },
        "accuracy": 0.5471311475409836,
        "macro avg": {
            "f1-score": 0.540413273502853,
            "precision": 0.5494374421419924,
            "recall": 0.5466448307718149,
            "support": 488
        },
        "weighted avg": {
            "f1-score": 0.5406409980465183,
            "precision": 0.5493976784419751,
            "recall": 0.5471311475409836,
            "support": 488
        }
    }
}