{
    "0": {
        "0": {
            "f1-score": 0.6684856753069577,
            "precision": 0.5020491803278688,
            "recall": 1.0,
            "support": 245
        },
        "1": {
            "f1-score": 0.0,
            "precision": 0.0,
            "recall": 0.0,
            "support": 243
        },
        "accuracy": 0.5020491803278688,
        "macro avg": {
            "f1-score": 0.33424283765347884,
            "precision": 0.2510245901639344,
            "recall": 0.5,
            "support": 488
        },
        "weighted avg": {
            "f1-score": 0.33561268534878,
            "precision": 0.252053379467885,
            "recall": 0.5020491803278688,
            "support": 488
        }
    },
    "1": {
        "0": {
            "f1-score": 0.6774193548387096,
            "precision": 0.6693227091633466,
            "recall": 0.6857142857142857,
            "support": 245
        },
        "1": {
            "f1-score": 0.6666666666666666,
            "precision": 0.6751054852320675,
            "recall": 0.6584362139917695,
            "support": 243
        },
        "accuracy": 0.6721311475409836,
        "macro avg": {
            "f1-score": 0.6720430107526881,
            "precision": 0.6722140971977071,
            "recall": 0.6720752498530276,
            "support": 488
        },
        "weighted avg": {
            "f1-score": 0.672065044949762,
            "precision": 0.6722022472467465,
            "recall": 0.6721311475409836,
            "support": 488
        }
    },
    "3": {
        "0": {
            "f1-score": 0.7297830374753451,
            "precision": 0.7061068702290076,
            "recall": 0.7551020408163265,
            "support": 245
        },
        "1": {
            "f1-score": 0.7078891257995736,
            "precision": 0.7345132743362832,
            "recall": 0.6831275720164609,
            "support": 243
        },
        "accuracy": 0.7192622950819673,
        "macro avg": {
            "f1-score": 0.7188360816374594,
            "precision": 0.7203100722826454,
            "recall": 0.7191148064163937,
            "support": 488
        },
        "weighted avg": {
            "f1-score": 0.7188809462105654,
            "precision": 0.7202518624381633,
            "recall": 0.7192622950819673,
            "support": 488
        }
    },
    "5": {
        "0": {
            "f1-score": 0.7564356435643564,
            "precision": 0.7346153846153847,
            "recall": 0.7795918367346939,
            "support": 245
        },
        "1": {
            "f1-score": 0.7388535031847134,
            "precision": 0.7631578947368421,
            "recall": 0.7160493827160493,
            "support": 243
        },
        "accuracy": 0.7479508196721312,
        "macro avg": {
            "f1-score": 0.7476445733745349,
            "precision": 0.7488866396761134,
            "recall": 0.7478206097253717,
            "support": 488
        },
        "weighted avg": {
            "f1-score": 0.7476806023507226,
            "precision": 0.7488281509258645,
            "recall": 0.7479508196721312,
            "support": 488
        }
    }
}