{
    "0": {
        "0": {
            "f1-score": 0.66484268125855,
            "precision": 0.4979508196721312,
            "recall": 1.0,
            "support": 243
        },
        "1": {
            "f1-score": 0.0,
            "precision": 0.0,
            "recall": 0.0,
            "support": 245
        },
        "accuracy": 0.4979508196721312,
        "macro avg": {
            "f1-score": 0.332421340629275,
            "precision": 0.2489754098360656,
            "recall": 0.5,
            "support": 488
        },
        "weighted avg": {
            "f1-score": 0.3310589580857124,
            "precision": 0.2479550188121473,
            "recall": 0.4979508196721312,
            "support": 488
        }
    },
    "1": {
        "0": {
            "f1-score": 0.6855983772819474,
            "precision": 0.676,
            "recall": 0.6954732510288066,
            "support": 243
        },
        "1": {
            "f1-score": 0.6790890269151139,
            "precision": 0.6890756302521008,
            "recall": 0.6693877551020408,
            "support": 245
        },
        "accuracy": 0.6823770491803278,
        "macro avg": {
            "f1-score": 0.6823437020985306,
            "precision": 0.6825378151260504,
            "recall": 0.6824305030654237,
            "support": 488
        },
        "weighted avg": {
            "f1-score": 0.6823303632658118,
            "precision": 0.6825646094503375,
            "recall": 0.6823770491803278,
            "support": 488
        }
    },
    "3": {
        "0": {
            "f1-score": 0.8031496062992126,
            "precision": 0.769811320754717,
            "recall": 0.8395061728395061,
            "support": 243
        },
        "1": {
            "f1-score": 0.7863247863247863,
            "precision": 0.8251121076233184,
            "recall": 0.7510204081632653,
            "support": 245
        },
        "accuracy": 0.7950819672131147,
        "macro avg": {
            "f1-score": 0.7947371963119995,
            "precision": 0.7974617141890177,
            "recall": 0.7952632905013857,
            "support": 488
        },
        "weighted avg": {
            "f1-score": 0.7947027192218878,
            "precision": 0.7975750354735845,
            "recall": 0.7950819672131147,
            "support": 488
        }
    },
    "5": {
        "0": {
            "f1-score": 0.8487229862475442,
            "precision": 0.8120300751879699,
            "recall": 0.8888888888888888,
            "support": 243
        },
        "1": {
            "f1-score": 0.835117773019272,
            "precision": 0.8783783783783784,
            "recall": 0.7959183673469388,
            "support": 245
        },
        "accuracy": 0.8422131147540983,
        "macro avg": {
            "f1-score": 0.841920379633408,
            "precision": 0.8452042267831741,
            "recall": 0.8424036281179138,
            "support": 488
        },
        "weighted avg": {
            "f1-score": 0.8418925000981042,
            "precision": 0.8453401864208593,
            "recall": 0.8422131147540983,
            "support": 488
        }
    }
}